{
  "eda_stats": {
    "shape": [
      284807,
      31
    ],
    "fraud_count": 492,
    "legit_count": 284315,
    "fraud_pct": 0.1727485630620034,
    "missing": 0
  },
  "cv_results": {
    "Logistic Regression": {
      "scores": [
        0.9708914925384111,
        0.9770075682354757,
        0.9785954847400938,
        0.9822089701305338,
        0.9946169345473126
      ],
      "mean": 0.9806640900383654,
      "std": 0.007876819991102924
    },
    "Random Forest": {
      "scores": [
        0.9672894831682148,
        0.954046321425682,
        0.9593424826961491,
        0.9831005829888049,
        0.978796685557672
      ],
      "mean": 0.9685151111673045,
      "std": 0.01107638852559556
    }
  },
  "results": {
    "Logistic Regression": {
      "Accuracy": 0.9737250202657456,
      "Precision": 0.05313700384122919,
      "Recall": 0.8736842105263158,
      "F1": 0.10018105009052504,
      "ROC-AUC": 0.9618504434817429
    },
    "Decision Tree": {
      "Accuracy": 0.9979029358897543,
      "Precision": 0.425,
      "Recall": 0.7157894736842105,
      "F1": 0.5333333333333333,
      "ROC-AUC": 0.857082747645092
    },
    "Random Forest": {
      "Accuracy": 0.9994713283755683,
      "Precision": 0.9113924050632911,
      "Recall": 0.7578947368421053,
      "F1": 0.8275862068965517,
      "ROC-AUC": 0.9543195688467431
    },
    "Neural Network": {
      "Accuracy": 0.9989602791386177,
      "Precision": 0.6578947368421053,
      "Recall": 0.7894736842105263,
      "F1": 0.7177033492822966,
      "ROC-AUC": 0.9567934416543025
    }
  },
  "best_model": "Random Forest",
  "best_auc": 0.9543195688467431,
  "feature_importance_top10": {
    "Time": 0.03333333333333333,
    "V1": 0.03333333333333333,
    "V2": 0.03333333333333333,
    "V3": 0.03333333333333333,
    "V4": 0.03333333333333333,
    "V5": 0.03333333333333333,
    "V6": 0.03333333333333333,
    "V7": 0.03333333333333333,
    "V8": 0.03333333333333333,
    "V9": 0.03333333333333333
  }
}